house_id,self_consumption [%],self_sufficiency [%],total_house_load [kWh],total_ev_load [kWh],total_combined_load [kWh],total_generation [kWh],total_self_consumed [kWh],ev_percentage [%]
73,48.374324893503676,34.288318635562106,10320.694666666666,3418.955999997667,13739.650666664333,9738.833999999999,154.74400291967518,24.883864102111918
82,48.699654739164814,32.56889756024243,6967.954666666666,3329.8055555536666,10297.760222220333,6886.839333333333,110.16351386850002,32.33524070961245
141,61.04371354121042,29.296557607835798,8487.670666666667,3110.209955554333,11597.880622220999,5566.142,111.60590510946352,26.817054398674493
